"id","parent_user_id","first_name","last_name","email","gender"
"1","1","Cody","Farady","cfarady0@dmoz.org","Male"
"2","2","Wally","Giacomozzo","wgiacomozzo1@zdnet.com","Female"
"3","3","Rikki","Lawrie","rlawrie2@archive.org","Male"
"4","4","Neel","Behninck","nbehninck3@dailymotion.com","Male"
"5","5","Wayland","Managh","wmanagh4@blogspot.com","Male"
"6","6","Esme","Rossbrooke","erossbrooke5@stanford.edu","Female"
"7","7","Rosalyn","Ferries","rferries6@moonfruit.com","Female"
"8","8","Scot","Holtum","sholtum7@quantcast.com","Male"
"9","9","Guillemette","Filipowicz","gfilipowicz8@cpanel.net","Female"
"10","10","Joye","Dore","jdore9@joomla.org","Female"
"11","11","Spense","Mallinar","smallinara@aboutads.info","Male"
"12","12","Hedwiga","Dade","hdadeb@who.int","Female"
"13","13","Myron","Kunneke","mkunnekec@hhs.gov","Male"
"14","14","Janifer","Henrionot","jhenrionotd@discovery.com","Female"
"15","15","Ronni","Le Provost","rleprovoste@go.com","Female"
"16","16","Nerte","Zannolli","nzannollif@sciencedaily.com","Female"
"17","17","Consalve","Henkens","chenkensg@shop-pro.jp","Male"
"18","18","Chaddy","Thewless","cthewlessh@ustream.tv","Male"
"19","19","Loren","Hovie","lhoviei@xrea.com","Male"
"20","20","Buddie","Dolligon","bdolligonj@vkontakte.ru","Male"
"21","21","Fae","Maharey","fmahareyk@sun.com","Female"
"22","22","Sara-ann","Tetford","stetfordl@printfriendly.com","Female"
"23","23","Roxana","Wissby","rwissbym@wikispaces.com","Female"
"24","24","Adolph","O'Nolan","aonolann@cnbc.com","Male"
"25","25","Ede","Cumo","ecumoo@ow.ly","Female"
"26","26","Else","Calfe","ecalfep@fc2.com","Female"
"27","27","Emmanuel","Rossbrook","erossbrookq@bluehost.com","Male"
"28","28","Crista","Jardin","cjardinr@unc.edu","Female"
"29","29","Eadmund","Hoggins","ehogginss@cyberchimps.com","Male"
"30","30","Naomi","Sicha","nsichat@nytimes.com","Female"
"31","31","Tessa","Dockery","tdockeryu@home.pl","Female"
"32","32","Bridget","Fromont","bfromontv@kickstarter.com","Female"
"33","33","Mandi","Turnbull","mturnbullw@google.it","Female"
"34","34","Jodi","Connichie","jconnichiex@cargocollective.com","Female"
"35","35","Dennet","Stockle","dstockley@webeden.co.uk","Male"
"36","36","Delcina","Lavis","dlavisz@over-blog.com","Female"
"37","37","Ashia","Desborough","adesborough10@ovh.net","Female"
"38","38","Giulia","Tal","gtal11@psu.edu","Female"
"39","39","Donia","Tart","dtart12@ebay.co.uk","Female"
"40","40","Farr","McKane","fmckane13@google.co.uk","Male"
"41","41","Diannne","Turmell","dturmell14@hao123.com","Female"
"42","42","Jada","Endon","jendon15@trellian.com","Female"
"43","43","Ruprecht","Klageman","rklageman16@dedecms.com","Male"
"44","44","Karry","McPaik","kmcpaik17@mlb.com","Female"
"45","45","Matti","Ayerst","mayerst18@studiopress.com","Female"
"46","46","Talbert","Teall","tteall19@wikimedia.org","Male"
"47","47","Evania","Abernethy","eabernethy1a@nps.gov","Female"
"48","48","Petr","Evill","pevill1b@nhs.uk","Male"
"49","49","Esther","Couser","ecouser1c@dion.ne.jp","Female"
"50","50","Noland","Naldrett","nnaldrett1d@microsoft.com","Male"
"51","51","Clayborne","Veldstra","cveldstra1e@mapquest.com","Male"
"52","52","Jacquelyn","Lancastle","jlancastle1f@umich.edu","Female"
"53","53","Murial","Wakeham","mwakeham1g@posterous.com","Female"
"54","54","Milicent","Boldt","mboldt1h@sphinn.com","Female"
"55","55","Caspar","Hammel","chammel1i@nbcnews.com","Male"
"56","56","Knox","Mayo","kmayo1j@quantcast.com","Male"
"57","57","Hastings","Shead","hshead1k@weather.com","Male"
"58","58","Stesha","Emanueli","semanueli1l@google.co.jp","Female"
"59","59","Alis","Massot","amassot1m@theglobeandmail.com","Female"
"60","60","Adara","Sinnett","asinnett1n@columbia.edu","Female"
"61","61","Noble","Vondra","nvondra1o@upenn.edu","Male"
"62","62","Ignatius","Follan","ifollan1p@chronoengine.com","Male"
"63","63","Edouard","Ketchell","eketchell1q@tamu.edu","Male"
"64","64","Corey","Dilon","cdilon1r@addtoany.com","Female"
"65","65","Packston","Feifer","pfeifer1s@mozilla.org","Male"
"66","66","Bryan","Casford","bcasford1t@weebly.com","Male"
"67","67","Dee","Hinken","dhinken1u@drupal.org","Female"
"68","68","Puff","Lockyer","plockyer1v@lycos.com","Male"
"69","69","Antin","Tsarovic","atsarovic1w@mozilla.com","Male"
"70","70","Joe","Langthorne","jlangthorne1x@artisteer.com","Male"
"71","71","Willis","Quarry","wquarry1y@sina.com.cn","Male"
"72","72","Tiler","Incogna","tincogna1z@reverbnation.com","Male"
"73","73","Jonell","Bonhome","jbonhome20@sciencedirect.com","Female"
"74","74","Cicely","Petrik","cpetrik21@chronoengine.com","Female"
"75","75","Cyrus","Zucker","czucker22@unesco.org","Male"
"76","76","Shelli","Griffitt","sgriffitt23@wordpress.com","Female"
"77","77","Estevan","Josskovitz","ejosskovitz24@amazon.de","Male"
"78","78","Eugene","Pester","epester25@businesswire.com","Male"
"79","79","Sergeant","Mars","smars26@mashable.com","Male"
"80","80","Janenna","Gooderham","jgooderham27@opera.com","Female"
"81","81","Paton","Yatman","pyatman28@alexa.com","Male"
"82","82","Danella","Matthias","dmatthias29@linkedin.com","Female"
"83","83","Ivan","Bruhnsen","ibruhnsen2a@foxnews.com","Male"
"84","84","Vinni","Maisey","vmaisey2b@simplemachines.org","Female"
"85","85","Jenelle","Berkelay","jberkelay2c@desdev.cn","Female"
"86","86","Paco","Tebbet","ptebbet2d@trellian.com","Male"
"87","87","Gregg","Loadwick","gloadwick2e@behance.net","Male"
"88","88","Marcellus","Domoni","mdomoni2f@instagram.com","Male"
"89","89","Angelita","Gotts","agotts2g@nasa.gov","Female"
"90","90","Elane","Cattel","ecattel2h@ezinearticles.com","Female"
"91","91","Ber","Pirrie","bpirrie2i@globo.com","Male"
"92","92","Liliane","McAlester","lmcalester2j@last.fm","Female"
"93","93","Ange","Pasquale","apasquale2k@newyorker.com","Male"
"94","94","Beatrisa","O' Scallan","boscallan2l@behance.net","Female"
"95","95","Arty","Ellicombe","aellicombe2m@engadget.com","Male"
"96","96","Olva","Bosma","obosma2n@wikispaces.com","Female"
"97","97","Lane","Kener","lkener2o@scientificamerican.com","Male"
"98","98","Halie","Diboll","hdiboll2p@discuz.net","Female"
"99","99","Lauryn","Isham","lisham2q@mapy.cz","Female"
